Restaurant_ID,Restaurant_Name,Cuisine,City,Restaurant_Rating,Avg_Preparation_Min
REST0001,Urban Kitchen 001,Biryani,Mumbai,4.4,30
REST0002,Street Bites 002,Desserts,Delhi,3.9,25
REST0003,Fresh Bites 003,Fast Food,Mumbai,3.9,31
REST0004,Urban Express 004,Healthy,Jaipur,3.9,17
REST0005,Urban Hub 005,South Indian,Chennai,4.8,40
REST0006,Food Kitchen 006,Healthy,Chennai,4.4,19
REST0007,Spice Kitchen 007,North Indian,Chennai,3.8,37
REST0008,Fresh Bites 008,Healthy,Delhi,3.4,37
REST0009,Spice Hub 009,South Indian,Hyderabad,4.5,18
REST0010,Fresh Express 010,North Indian,Hyderabad,4.4,31
REST0011,Food Bites 011,Chinese,Kolkata,4.3,29
REST0012,Kitchen Hub 012,Biryani,Kolkata,4.0,29
REST0013,Street Kitchen 013,Italian,Jaipur,3.9,26
REST0014,Royal Express 014,Italian,Mumbai,4.8,31
REST0015,Food Cafe 015,Fast Food,Chennai,4.8,33
REST0016,Street Bites 016,Healthy,Mumbai,4.3,30
REST0017,Fresh Cafe 017,Desserts,Delhi,4.4,33
REST0018,Urban Kitchen 018,Desserts,Mumbai,4.1,32
REST0019,Food Kitchen 019,South Indian,Pune,3.4,32
REST0020,Taste Cafe 020,South Indian,Hyderabad,3.6,13
REST0021,Street Kitchen 021,South Indian,Mumbai,4.5,19
REST0022,Kitchen Hub 022,Desserts,Mumbai,4.6,32
REST0023,Urban House 023,Italian,Bengaluru,4.5,22
REST0024,Urban Hub 024,Desserts,Jaipur,4.2,29
REST0025,Street Express 025,South Indian,Mumbai,,34
REST0026,Taste Hub 026,Biryani,Pune,4.0,24
REST0027,Fresh Express 027,North Indian,Hyderabad,4.3,20
REST0028,Urban Kitchen 028,Italian,Bengaluru,3.9,20
REST0029,Fresh Cafe 029,Biryani,Jaipur,3.5,28
REST0030,Urban Bites 030,Chinese,Delhi,4.4,18
REST0031,Urban House 031,Healthy,Kolkata,4.6,20
REST0032,Street House 032,Biryani,Delhi,5.0,33
REST0033,Taste Bites 033,Healthy,Hyderabad,4.1,12
REST0034,Taste Cafe 034,Biryani,Kolkata,3.5,13
REST0035,Fresh Express 035,Chinese,Delhi,3.9,15
REST0036,Street Express 036,Biryani,Jaipur,3.9,25
REST0037,Urban Hub 037,North Indian,Pune,4.1,15
REST0038,Royal Hub 038,Italian,Mumbai,,13
REST0039,Fresh Bites 039,Healthy,Hyderabad,4.2,19
REST0040,Kitchen House 040,Fast Food,Kolkata,4.3,29
REST0041,Street Express 041,Desserts,Bengaluru,4.1,30
REST0042,Fresh Express 042,Chinese,Mumbai,3.0,25
REST0043,Taste Kitchen 043,Healthy,Delhi,4.1,31
REST0044,Fresh Kitchen 044,Italian,Delhi,4.0,36
REST0045,Taste House 045,South Indian,Bengaluru,4.2,21
REST0046,Street Kitchen 046,Healthy,Pune,3.8,28
REST0047,Fresh Hub 047,North Indian,Jaipur,4.1,19
REST0048,Taste Bites 048,Fast Food,Jaipur,4.3,39
REST0049,Kitchen House 049,North Indian,Bengaluru,3.9,25
REST0050,Kitchen Bites 050,Healthy,Hyderabad,4.3,32
REST0051,Street Bites 051,North Indian,Bengaluru,4.0,34
REST0052,Fresh Express 052,South Indian,Delhi,4.1,19
REST0053,Street Express 053,Fast Food,Pune,2.7,16
REST0054,Food Hub 054,Desserts,Pune,3.5,27
REST0055,Food Cafe 055,North Indian,Chennai,3.5,19
REST0056,Fresh Bites 056,South Indian,Bengaluru,4.1,21
REST0057,Kitchen Kitchen 057,Chinese,Hyderabad,4.6,38
REST0058,Spice Kitchen 058,South Indian,Delhi,3.9,19
REST0059,Royal Express 059,Biryani,Mumbai,4.4,20
REST0060,Royal Express 060,Healthy,Jaipur,4.3,29
REST0061,Food Hub 061,Italian,Jaipur,4.1,14
REST0062,Urban House 062,Healthy,Jaipur,,28
REST0063,Food Hub 063,Healthy,Pune,4.1,31
REST0064,Kitchen Hub 064,South Indian,Jaipur,3.9,26
REST0065,Street Hub 065,South Indian,Bengaluru,4.2,32
REST0066,Spice Express 066,South Indian,Chennai,4.7,38
REST0067,Urban Express 067,Healthy,Hyderabad,4.2,28
REST0068,Street Express 068,Desserts,Hyderabad,4.1,19
REST0069,Taste Kitchen 069,North Indian,Kolkata,3.6,13
REST0070,Street House 070,Desserts,Jaipur,4.6,28
REST0071,Royal House 071,Fast Food,Delhi,3.4,29
REST0072,Spice Express 072,South Indian,Pune,,40
REST0073,Street Hub 073,South Indian,Delhi,4.2,16
REST0074,Royal Hub 074,Biryani,Jaipur,3.6,20
REST0075,Urban Express 075,Biryani,Chennai,4.5,20
REST0076,Street Express 076,Chinese,Mumbai,3.2,13
REST0077,Fresh Bites 077,Chinese,Jaipur,4.4,13
REST0078,Taste Bites 078,Biryani,Mumbai,4.4,30
REST0079,Spice Hub 079,Fast Food,Mumbai,4.1,34
REST0080,Taste House 080,Chinese,Hyderabad,3.1,38
REST0081,Spice Kitchen 081,Italian,Pune,3.2,14
REST0082,Taste Cafe 082,Italian,Jaipur,4.1,28
REST0083,Fresh Kitchen 083,Fast Food,Delhi,3.9,25
REST0084,Fresh Hub 084,Biryani,Delhi,4.3,25
REST0085,Urban Kitchen 085,Chinese,Chennai,4.0,25
REST0086,Kitchen Kitchen 086,South Indian,Mumbai,3.9,17
REST0087,Royal Bites 087,Biryani,Pune,2.9,14
REST0088,Kitchen Hub 088,Chinese,Pune,4.4,12
REST0089,Royal Cafe 089,Fast Food,Chennai,3.7,27
REST0090,Food Bites 090,Italian,Bengaluru,3.8,40
REST0091,Fresh Express 091,Healthy,Pune,3.5,15
REST0092,Street House 092,Fast Food,Pune,3.3,40
REST0093,Taste House 093,Healthy,Delhi,4.7,12
REST0094,Kitchen Kitchen 094,Chinese,Chennai,4.4,28
REST0095,Fresh Bites 095,Fast Food,Jaipur,4.4,39
REST0096,Urban Cafe 096,Chinese,Pune,3.9,29
REST0097,Spice Hub 097,Chinese,Pune,3.2,37
REST0098,Fresh Hub 098,Healthy,Delhi,4.9,19
REST0099,Fresh Kitchen 099,Fast Food,Jaipur,4.2,13
REST0100,Urban Express 100,North Indian,Jaipur,4.1,38
REST0101,Spice Bites 101,South Indian,Pune,3.8,29
REST0102,Urban Kitchen 102,Biryani,Delhi,3.1,38
REST0103,Taste Kitchen 103,Italian,Bengaluru,4.5,38
REST0104,Fresh Cafe 104,South Indian,Hyderabad,,27
REST0105,Kitchen Bites 105,Biryani,Kolkata,4.2,37
REST0106,Royal Express 106,Biryani,Delhi,4.3,21
REST0107,Kitchen Bites 107,Italian,Delhi,4.2,19
REST0108,Kitchen House 108,South Indian,Pune,4.2,23
REST0109,Fresh Kitchen 109,Italian,Delhi,4.6,33
REST0110,Urban Express 110,Chinese,Chennai,3.6,27
REST0111,Food Cafe 111,Italian,Mumbai,4.1,23
REST0112,Food House 112,Healthy,Mumbai,3.9,22
REST0113,Kitchen Express 113,Healthy,Bengaluru,3.2,31
REST0114,Spice Express 114,Fast Food,Jaipur,4.1,30
REST0115,Urban Kitchen 115,North Indian,Delhi,4.6,12
REST0116,Food Express 116,North Indian,Jaipur,,38
REST0117,Taste Kitchen 117,North Indian,Chennai,4.8,14
REST0118,Fresh Bites 118,South Indian,Pune,3.2,23
REST0119,Fresh Hub 119,Healthy,Pune,4.7,20
REST0120,Kitchen Bites 120,South Indian,Kolkata,4.1,32
REST0121,Food Bites 121,Chinese,Hyderabad,4.7,40
REST0122,Street House 122,Desserts,Bengaluru,3.8,33
REST0123,Fresh Kitchen 123,North Indian,Chennai,3.8,16
REST0124,Kitchen Hub 124,Chinese,Jaipur,3.5,12
REST0125,Urban Kitchen 125,Healthy,Chennai,4.3,21
REST0126,Spice Kitchen 126,Desserts,Kolkata,4.2,28
REST0127,Fresh Bites 127,North Indian,Kolkata,3.5,15
REST0128,Food House 128,South Indian,Pune,3.0,26
REST0129,Kitchen Bites 129,Desserts,Jaipur,,30
REST0130,Food Kitchen 130,Fast Food,Hyderabad,4.2,38
REST0131,Royal House 131,Fast Food,Pune,3.6,19
REST0132,Spice House 132,Fast Food,Hyderabad,3.5,39
REST0133,Street House 133,Italian,Mumbai,4.3,39
REST0134,Street House 134,Fast Food,Chennai,4.8,34
REST0135,Kitchen Bites 135,Biryani,Kolkata,3.8,26
REST0136,Fresh Cafe 136,North Indian,Mumbai,3.6,38
REST0137,Fresh Kitchen 137,Fast Food,Jaipur,4.1,18
REST0138,Spice Express 138,Desserts,Pune,4.3,26
REST0139,Taste Kitchen 139,Healthy,Bengaluru,3.8,19
REST0140,Spice Hub 140,Biryani,Delhi,4.9,37
REST0141,Kitchen Hub 141,Biryani,Bengaluru,4.4,34
REST0142,Royal Kitchen 142,Biryani,Bengaluru,3.8,21
REST0143,Urban Bites 143,Chinese,Delhi,3.3,29
REST0144,Urban Hub 144,Desserts,Chennai,4.6,15
REST0145,Urban Express 145,Chinese,Mumbai,4.5,26
REST0146,Fresh House 146,Biryani,Mumbai,3.9,22
REST0147,Urban Hub 147,Italian,Chennai,4.2,33
REST0148,Fresh Hub 148,Fast Food,Delhi,3.9,14
REST0149,Spice Hub 149,Healthy,Hyderabad,4.2,26
REST0150,Urban House 150,North Indian,Bengaluru,3.5,14
REST0151,Taste Cafe 151,Desserts,Pune,3.5,26
REST0152,Fresh Express 152,Italian,Mumbai,4.4,17
REST0153,Taste Bites 153,South Indian,Chennai,4.4,12
REST0154,Street House 154,Chinese,Pune,3.8,25
REST0155,Royal Express 155,Fast Food,Kolkata,3.7,27
REST0156,Street House 156,Fast Food,Delhi,4.5,12
REST0157,Taste Kitchen 157,South Indian,Pune,3.7,32
REST0158,Spice House 158,South Indian,Jaipur,4.0,28
REST0159,Urban Kitchen 159,Desserts,Pune,4.0,37
REST0160,Fresh Hub 160,Fast Food,Jaipur,3.3,19
REST0161,Street Bites 161,South Indian,Bengaluru,4.1,29
REST0162,Taste Kitchen 162,Fast Food,Delhi,4.0,27
REST0163,Fresh Cafe 163,Italian,Pune,4.2,17
REST0164,Street Bites 164,Desserts,Mumbai,4.1,21
REST0165,Kitchen Hub 165,Healthy,Delhi,5.0,21
REST0166,Street Hub 166,South Indian,Mumbai,4.5,16
REST0167,Spice Express 167,Italian,Chennai,4.0,37
REST0168,Street Express 168,Italian,Chennai,4.1,39
REST0169,Urban Bites 169,South Indian,Kolkata,4.8,23
REST0170,Street Kitchen 170,Desserts,Hyderabad,4.4,31
REST0171,Urban Express 171,Fast Food,Chennai,3.4,28
REST0172,Royal Cafe 172,Healthy,Pune,4.4,25
REST0173,Street Hub 173,Biryani,Delhi,4.6,25
REST0174,Fresh Express 174,Fast Food,Chennai,4.7,14
REST0175,Taste Bites 175,North Indian,Mumbai,3.8,40
REST0176,Street Hub 176,South Indian,Pune,3.8,23
REST0177,Kitchen Cafe 177,Chinese,Chennai,3.6,31
REST0178,Spice Kitchen 178,Desserts,Jaipur,4.1,29
REST0179,Food Cafe 179,South Indian,Jaipur,4.3,23
REST0180,Spice Kitchen 180,North Indian,Bengaluru,3.8,13
REST0181,Taste Bites 181,Italian,Mumbai,3.9,13
REST0182,Street Bites 182,Chinese,Kolkata,3.1,38
REST0183,Kitchen Hub 183,Chinese,Kolkata,4.7,28
REST0184,Food Hub 184,Fast Food,Kolkata,3.3,21
REST0185,Spice Kitchen 185,Biryani,Mumbai,4.2,29
REST0186,Urban Express 186,Fast Food,Kolkata,4.1,33
REST0187,Royal Hub 187,Desserts,Hyderabad,4.0,30
REST0188,Spice Cafe 188,Chinese,Bengaluru,4.0,37
REST0189,Royal House 189,Healthy,Hyderabad,3.5,32
REST0190,Royal Kitchen 190,Healthy,Jaipur,3.9,12
REST0191,Street Cafe 191,Chinese,Chennai,4.4,35
REST0192,Spice Cafe 192,Healthy,Bengaluru,4.6,40
REST0193,Fresh Express 193,Healthy,Mumbai,3.8,15
REST0194,Fresh Express 194,Biryani,Hyderabad,3.3,36
REST0195,Urban Cafe 195,Desserts,Pune,3.6,15
REST0196,Food Hub 196,South Indian,Bengaluru,4.8,13
REST0197,Royal Bites 197,Biryani,Mumbai,3.7,30
REST0198,Royal Bites 198,Italian,Delhi,4.0,32
REST0199,Food Kitchen 199,Fast Food,Bengaluru,4.6,23
REST0200,Royal Express 200,Healthy,Bengaluru,3.8,21
REST0201,Taste House 201,South Indian,Chennai,3.9,24
REST0202,Fresh Cafe 202,Fast Food,Pune,4.4,40
REST0203,Royal Express 203,Healthy,Chennai,4.8,33
REST0204,Urban House 204,Biryani,Kolkata,3.7,34
REST0205,Spice House 205,South Indian,Bengaluru,4.6,31
REST0206,Fresh Bites 206,Biryani,Jaipur,3.9,34
REST0207,Kitchen Cafe 207,Italian,Bengaluru,3.6,26
REST0208,Street Bites 208,North Indian,Kolkata,4.1,37
REST0209,Fresh Kitchen 209,Chinese,Pune,3.5,14
REST0210,Fresh House 210,Desserts,Pune,4.2,34
REST0211,Taste Cafe 211,South Indian,Jaipur,5.0,31
REST0212,Urban Cafe 212,Chinese,Jaipur,4.5,40
REST0213,Taste Express 213,North Indian,Hyderabad,4.0,24
REST0214,Food Express 214,South Indian,Mumbai,4.5,19
REST0215,Taste Kitchen 215,Chinese,Mumbai,,36
REST0216,Urban Cafe 216,Chinese,Hyderabad,3.7,18
REST0217,Royal Hub 217,South Indian,Mumbai,4.0,35
REST0218,Street Kitchen 218,Chinese,Bengaluru,,19
REST0219,Urban Hub 219,Chinese,Hyderabad,3.4,29
REST0220,Food Cafe 220,South Indian,Hyderabad,3.9,20
REST0221,Taste House 221,Desserts,Mumbai,3.9,17
REST0222,Urban House 222,Chinese,Delhi,4.7,38
REST0223,Fresh Cafe 223,Chinese,Jaipur,3.4,15
REST0224,Spice Express 224,Desserts,Mumbai,3.4,26
REST0225,Food Kitchen 225,Fast Food,Chennai,4.1,16
REST0226,Fresh Cafe 226,Italian,Delhi,4.5,37
REST0227,Food Kitchen 227,Fast Food,Hyderabad,4.2,16
REST0228,Taste Hub 228,Healthy,Delhi,4.1,18
REST0229,Taste Express 229,North Indian,Bengaluru,3.9,20
REST0230,Urban Express 230,Fast Food,Pune,4.3,18
REST0231,Street Hub 231,Fast Food,Delhi,4.4,20
REST0232,Street Express 232,North Indian,Chennai,3.9,31
REST0233,Food Cafe 233,Chinese,Pune,3.6,21
REST0234,Food Express 234,Chinese,Bengaluru,3.6,37
REST0235,Street Hub 235,Fast Food,Chennai,4.4,15
REST0236,Royal Bites 236,North Indian,Kolkata,3.3,17
REST0237,Food Express 237,Chinese,Pune,4.8,35
REST0238,Food Express 238,Biryani,Kolkata,,25
REST0239,Royal Hub 239,South Indian,Bengaluru,4.1,20
REST0240,Street House 240,South Indian,Pune,4.3,12
REST0241,Spice Cafe 241,Italian,Pune,,28
REST0242,Street Bites 242,South Indian,Mumbai,3.8,24
REST0243,Food Hub 243,Fast Food,Chennai,4.1,35
REST0244,Taste House 244,South Indian,Jaipur,3.6,38
REST0245,Kitchen House 245,South Indian,Chennai,3.5,18
REST0246,Fresh Hub 246,Biryani,Delhi,3.6,20
REST0247,Kitchen Express 247,Chinese,Kolkata,4.5,22
REST0248,Royal Express 248,Biryani,Kolkata,4.2,14
REST0249,Urban Cafe 249,Fast Food,Chennai,,37
REST0250,Taste Kitchen 250,South Indian,Chennai,4.4,23
